event,i3type,energy_tev,far_per_yr,signal,nearest_frb,sep_deg,dm_total_pc_cm3,dm_galactic_pc_cm3,cp_proxy_dm_excess_pc_cm3
IC110514A,gfu-gold,187.0,1.3,0.508,FRB20190403B,4.534004923875373,291.1,241.45,49.650000000000034
IC110610A,gfu-gold,294.0,0.25,0.75,FRB20190307B,3.8428207110946015,291.1,244.0,47.10000000000002
IC110616A,gfu-bronze,109.0,4.34,0.257,FRB20190625C,6.068849523268789,441.6,351.70000000000005,89.89999999999998
IC110714A,hese-gold,72.0,0.11,0.778,FRB20190529A,0.36583415965080834,703.6,510.9,192.70000000000005
IC110726A,gfu-bronze,160.0,1.92,0.396,FRB20190630D,7.880382045282731,321.9,283.55,38.349999999999966
IC110807A,gfu-bronze,108.0,4.45,0.266,FRB20190124F,4.323160584996141,253.9,221.5,32.400000000000006
IC110818A,gfu-bronze,123.0,2.85,0.34,FRB20190429B,6.553266655134588,297.6,258.3,39.30000000000001
IC110902A,gfu-gold,243.0,0.74,0.609,FRB20190527A,2.6950148969015797,582.3,555.4,26.899999999999977
IC110907A,gfu-gold,186.0,1.15,0.506,FRB20190203C,6.9203498060135376,370.4,344.55,25.849999999999966
IC110929A,gfu-bronze,158.0,0.27,0.521,FRB20190609D,3.847884479729844,509.5,454.25,55.25
IC110930A,gfu-bronze,160.0,1.53,0.429,FRB20190410A,4.095229769799337,278.2,161.5,116.69999999999999
IC111012A,gfu-bronze,115.0,0.57,0.434,FRB20180907E,3.801822981126987,381.7,358.1,23.599999999999966
IC111120A,gfu-bronze,159.0,1.61,0.42,FRB20190130A,3.36525580017485,1365.2,1334.75,30.450000000000045
IC111120B,gfu-bronze,4969.0,0.6,0.292,FRB20190515B,15.902639119345409,820.1,794.05,26.050000000000068
IC111208A,gfu-bronze,123.0,0.4,0.446,FRB20190519E,3.9461596538569688,693.9,671.8,22.100000000000023
IC111209A,gfu-bronze,108.0,2.64,0.335,FRB20190210B,5.089498549247142,622.7,483.9,138.80000000000007
IC111213A,gfu-bronze,164.0,1.81,0.408,FRB20190109B,5.661469101918705,176.3,114.30000000000001,62.0
IC111216A,gfu-gold,891.0,0.15,0.946,FRB20190515C,4.882131433633644,653.5,613.5999999999999,39.90000000000009
IC111218A,gfu-bronze,157.0,1.91,0.397,FRB20180921A,2.8561192795975456,393.1,363.79999999999995,29.300000000000068
IC120301A,gfu-gold,433.0,0.56,0.825,FRB20181229B,1.0909565506222743,375.3,360.5,14.800000000000011
IC120426A,gfu-bronze,109.0,4.28,0.274,FRB20181226B,11.943400090149073,287.9,262.8,25.099999999999966
IC120501A,hese-gold,85.0,1.88,0.464,FRB20190605C,66.34618277263172,186.0,155.25,30.75
IC120515A,gfu-gold,194.0,0.63,0.613,FRB20180727A,5.680544097830119,642.1,621.65,20.450000000000045
IC120523A,ehe-gold,213.0,1.44,0.525,FRB20190101A,1.5512494106580028,867.0,833.15,33.85000000000002
IC120523B,gfu-bronze,168.0,1.25,0.49,FRB20190202A,1.669403254388209,305.7,270.4,35.30000000000001
IC120529A,gfu-bronze,126.0,1.6,0.416,FRB20181223B,1.9505120857522602,564.5,542.95,21.549999999999955
IC120601A,gfu-bronze,137.0,1.87,0.395,FRB20190224C,6.735461434703485,495.0,433.35,61.64999999999998
IC120605A,gfu-bronze,107.0,1.26,0.385,FRB20181128B,4.149268345755046,454.5,429.45,25.05000000000001
IC120611A,gfu-bronze,9220.0,0.41,0.244,FRB20181116A,19.987037591170896,354.2,322.35,31.849999999999966
IC120807A,gfu-gold,373.0,0.37,0.744,FRB20190429B,2.5438462226277307,297.6,258.3,39.30000000000001
IC120916A,gfu-gold,174.0,1.6,0.438,FRB20181226B,8.560082348651457,287.9,262.8,25.099999999999966
IC120922A,ehe-gold,143.0,1.8,0.426,FRB20190609C,4.8810684955910535,480.4,347.8,132.59999999999997
IC121011A,gfu-gold,481.0,0.23,0.842,FRB20190621C,7.644652546503294,571.0,546.2,24.799999999999955
IC121026A,gfu-gold,961.0,0.16,0.926,FRB20190101A,1.0718470532265458,867.0,833.15,33.85000000000002
IC121103A,gfu-bronze,112.0,3.88,0.276,FRB20190625D,8.20802940511551,716.6,601.8,114.80000000000007
IC121115A,gfu-bronze,116.0,2.82,0.319,FRB20190612B,5.735648071111091,186.0,160.85000000000002,25.149999999999977
IC130125A,gfu-bronze,165.0,0.25,0.531,FRB20181218A,2.894749685260796,1873.1,1686.6,186.5
IC130125B,gfu-bronze,114.0,3.54,0.31,FRB20190317E,16.310332766520393,800.7,681.3,119.40000000000009
IC130127A,gfu-gold,235.0,0.65,0.61,FRB20190515B,9.527668551918016,820.1,794.05,26.050000000000068
IC130208A,gfu-bronze,2268.0,0.46,0.317,FRB20190617B,16.53455592770195,275.0,227.35,47.650000000000006
IC130316A,gfu-bronze,105.0,0.72,0.377,FRB20181123A,1.9219643134950042,797.4,687.8499999999999,109.55000000000007
IC130318A,gfu-bronze,106.0,2.83,0.327,FRB20190411C,3.859338855706426,234.5,199.05,35.44999999999999
IC130408A,hese-gold,65.0,0.73,0.525,FRB20190428A,3.7890721715125935,968.9,945.9,23.0
IC130408B,gfu-bronze,163.0,1.88,0.395,FRB20180919B,2.662151405432832,558.0,531.7,26.299999999999955
IC130409A,gfu-bronze,115.0,1.54,0.411,FRB20190101A,6.691400280188698,867.0,833.15,33.85000000000002
IC130508A,gfu-bronze,140.0,1.14,0.452,FRB20190409D,1.2276263117964377,1298.9,1249.45,49.450000000000045
IC130509A,gfu-bronze,105.0,4.96,0.249,FRB20181030C,7.890993163181244,668.0,602.85,65.14999999999998
IC130519A,gfu-bronze,110.0,2.17,0.364,FRB20181203B,1.79948499212098,373.6,320.1,53.5
IC130531A,gfu-bronze,143.0,2.71,0.351,FRB20190516B,3.3084639758055463,1235.8,1207.15,28.649999999999864
IC130627A,gfu-gold,851.0,0.22,0.938,FRB20190103B,5.562375134247697,530.5,301.35,229.14999999999998
IC130627B,gfu-bronze,122.0,3.51,0.309,FRB20190516B,12.47440720918832,1235.8,1207.15,28.649999999999864
IC130711A,gfu-bronze,165.0,1.67,0.426,FRB20190409A,9.297063026726407,1789.0,1686.9,102.09999999999991
IC130731A,gfu-bronze,122.0,3.11,0.319,FRB20190625D,7.9457527505529235,716.6,601.8,114.80000000000007
IC130801A,gfu-bronze,110.0,3.44,0.28,FRB20190612B,7.969494243638884,186.0,160.85000000000002,25.149999999999977
IC130804A,gfu-bronze,113.0,2.34,0.328,FRB20190221A,4.925726494421203,224.8,171.8,53.0
IC130808A,gfu-bronze,111.0,3.08,0.294,FRB20190130A,4.048669926441121,1365.2,1334.75,30.450000000000045
IC130822A,gfu-bronze,115.0,3.7,0.301,FRB20190409A,13.284843344466926,1789.0,1686.9,102.09999999999991
IC130907A,ehe-gold,890.0,0.44,0.322,FRB20181027A,6.529185747144494,726.3,666.85,59.44999999999993
IC131014A,gfu-gold,293.0,0.67,0.665,FRB20181116A,6.542432219335219,354.2,322.35,31.849999999999966
IC131023A,ehe-gold,211.0,1.68,0.59,FRB20190124E,9.805109571133343,614.6,269.55,345.05
IC131108A,gfu-bronze,153.0,0.22,0.502,FRB20190517D,2.0717413375557876,1184.0,1092.05,91.95000000000005
IC131112A,gfu-bronze,7006.0,0.19,0.272,FRB20181027A,13.288243036181346,726.3,666.85,59.44999999999993
IC131124A,gfu-gold,180.0,0.97,0.553,FRB20190412B,0.5119706639093564,375.3,110.5,264.8
IC131204A,ehe-gold,259.0,1.06,0.196,FRB20181030C,27.54535846888291,668.0,602.85,65.14999999999998
IC140101A,gfu-gold,200.0,0.95,0.56,FRB20190627A,5.0002761303631855,402.8,377.79999999999995,25.000000000000057
IC140103A,gfu-bronze,125.0,0.41,0.419,FRB20181227A,1.3362087122238708,791.0,691.35,99.64999999999998
IC140108A,ehe-gold,214.0,1.45,0.693,FRB20190124F,6.835963614215741,253.9,221.5,32.400000000000006
IC140109A,gfu-gold,924.0,0.15,0.927,FRB20181119B,5.633523327483658,608.2,137.55,470.65000000000003
IC140114A,hese-bronze,54.0,0.97,0.335,FRB20190124F,4.778199157236603,253.9,221.5,32.400000000000006
IC140122A,gfu-bronze,131.0,0.36,0.458,FRB20190404A,3.4540222072675566,1353.8,1320.05,33.75
IC140122B,hese-gold,374.0,0.15,0.821,FRB20190104B,79.94509216793662,527.3,486.45000000000005,40.84999999999991
IC140203A,ehe-gold,685.0,0.53,0.126,FRB20190515B,20.304478035457578,820.1,794.05,26.050000000000068
IC140213A,gfu-bronze,140.0,1.79,0.394,FRB20190604D,3.71021328488973,1020.6,998.5999999999999,22.000000000000114
IC140223A,gfu-bronze,119.0,1.33,0.43,FRB20190202B,3.804996701700949,464.2,387.1,77.09999999999997
IC140307A,gfu-bronze,109.0,1.18,0.396,FRB20190101B,3.0500536757215975,1321.5,1125.75,195.75
IC140324A,gfu-bronze,109.0,0.74,0.403,FRB20190125B,3.670207507105845,177.9,148.95,28.950000000000017
IC140410A,gfu-gold,246.0,0.16,0.627,FRB20180916A,2.280421369643487,296.0,211.8,84.19999999999999
IC140411A,gfu-bronze,156.0,1.55,0.454,FRB20180925B,5.275344913838232,668.0,632.8,35.200000000000045
IC140420A,gfu-bronze,163.0,1.33,0.489,FRB20180907B,3.108330706243905,658.3,624.2,34.09999999999991
IC140503A,gfu-bronze,109.0,0.7,0.404,FRB20190422B,2.934400502126193,975.4,949.5,25.899999999999977
IC140603A,gfu-bronze,152.0,2.2,0.377,FRB20190527A,2.7486427477353343,582.3,555.4,26.899999999999977
IC140609A,gfu-gold,459.0,0.3,0.815,FRB20190109A,4.207398444991806,325.1,148.35,176.75000000000003
IC140611A,gfu-gold,5960.0,0.15,0.997,FRB20190103C,6.3468976031213575,1349.0,1160.35,188.6500000000001
IC140704A,gfu-bronze,150.0,0.39,0.504,FRB20181117A,5.716756829717783,960.8,926.9000000000001,33.899999999999864
IC140705A,gfu-gold,212.0,0.94,0.559,FRB20180921A,3.9369677231228963,393.1,363.79999999999995,29.300000000000068
IC140707A,gfu-bronze,167.0,1.29,0.478,FRB20181229B,6.0940826960946595,375.3,360.5,14.800000000000011
IC140713A,gfu-bronze,134.0,1.95,0.391,FRB20190608A,3.8678543874861298,719.8,687.75,32.049999999999955
IC140721A,hese-gold,157.0,0.56,0.565,FRB20190113A,30.48066258189611,430.3,213.2,217.10000000000002
IC140820A,gfu-bronze,108.0,4.42,0.267,FRB20190410A,9.034805558032716,278.2,161.5,116.69999999999999
IC140923A,ehe-gold,209.0,1.41,0.241,FRB20190605C,3.8523473765296714,186.0,155.25,30.75
IC140927A,gfu-gold,182.0,1.44,0.481,FRB20190617B,5.8217305069574135,275.0,227.35,47.650000000000006
IC141012A,gfu-bronze,173.0,1.62,0.436,FRB20190617B,7.692390102387973,275.0,227.35,47.650000000000006
IC141110A,gfu-bronze,113.0,3.65,0.286,FRB20190307A,3.595172192765906,352.6,303.45000000000005,49.14999999999998
IC141114A,gfu-bronze,110.0,1.93,0.38,FRB20181022E,0.9097388262201229,286.3,264.04999999999995,22.250000000000057
IC141208A,gfu-bronze,109.0,2.53,0.331,FRB20181229B,7.9930987480969105,375.3,360.5,14.800000000000011
IC141210A,gfu-bronze,154.0,2.39,0.373,FRB20181030C,8.626023739478525,668.0,602.85,65.14999999999998
IC141221A,gfu-bronze,134.0,2.69,0.35,FRB20190605C,11.2187268404261,186.0,155.25,30.75
IC150102A,gfu-bronze,126.0,3.38,0.317,FRB20181030C,8.959021280647331,668.0,602.85,65.14999999999998
IC150104A,gfu-bronze,133.0,1.13,0.448,FRB20190520A,2.7415744229585064,431.9,360.05,71.84999999999997
IC150118A,gfu-bronze,156.0,2.3,0.374,FRB20190630D,10.188707491437208,321.9,283.55,38.349999999999966
IC150119A,gfu-bronze,140.0,2.76,0.347,FRB20190128D,11.557782278704057,428.6,210.15,218.45000000000002
IC150120A,gfu-bronze,113.0,2.35,0.336,FRB20190103B,6.023363364993728,530.5,301.35,229.14999999999998
IC150127A,gfu-gold,293.0,0.44,0.661,FRB20190103C,7.503048214658821,1349.0,1160.35,188.6500000000001
IC150129A,gfu-bronze,130.0,2.88,0.334,FRB20190515B,3.771245586025431,820.1,794.05,26.050000000000068
IC150224A,gfu-bronze,106.0,0.64,0.379,FRB20190219B,5.484913794744385,1675.7,1646.95,28.75
IC150313A,gfu-bronze,107.0,3.78,0.292,FRB20181027A,4.9186436933986375,726.3,666.85,59.44999999999993
IC150428A,gfu-bronze,109.0,2.58,0.321,FRB20190515C,5.097779824056822,653.5,613.5999999999999,39.90000000000009
IC150515A,gfu-gold,401.0,0.56,0.768,FRB20181102A,5.418142401183002,415.7,213.4,202.29999999999998
IC150526A,gfu-bronze,108.0,4.2,0.282,FRB20190403B,5.230752853632943,291.1,241.45,49.650000000000034
IC150601A,gfu-bronze,106.0,3.58,0.27,FRB20190429B,6.6186752656653205,297.6,258.3,39.30000000000001
IC150609A,gfu-bronze,118.0,3.49,0.313,FRB20190617B,6.952766941091483,275.0,227.35,47.650000000000006
IC150609B,gfu-bronze,116.0,3.63,0.305,FRB20190518C,5.5862281810200525,444.8,405.29999999999995,39.50000000000006
IC150625A,gfu-bronze,112.0,3.99,0.286,FRB20190515D,7.5541315155758575,425.4,372.65,52.75
IC150625B,gfu-bronze,154.0,1.61,0.456,FRB20190124E,8.299190962811087,614.6,269.55,345.05
IC150714A,gfu-gold,439.0,0.45,0.841,FRB20190618A,4.625818509598119,228.1,158.25,69.85
IC150809A,gfu-bronze,11667.0,0.29,0.199,FRB20181014D,15.285383879805739,376.9,348.85,28.049999999999955
IC150812A,gfu-bronze,125.0,1.24,0.439,FRB20181124B,0.8660153015487964,800.7,707.25,93.45000000000005
IC150812B,gfu-gold,508.0,0.32,0.831,FRB20190429B,2.7600495118609154,297.6,258.3,39.30000000000001
IC150823A,gfu-bronze,133.0,2.67,0.35,FRB20190429B,7.485811026407366,297.6,258.3,39.30000000000001
IC150831A,gfu-gold,181.0,0.61,0.579,FRB20190226A,3.99262397915416,600.1,502.35,97.75
IC150904A,gfu-gold,302.0,0.5,0.741,FRB20190128B,7.446306748509942,247.5,190.9,56.599999999999994
IC150914A,gfu-bronze,120.0,1.37,0.426,FRB20190317C,3.7221674943756944,601.7,544.25,57.450000000000045
IC150918A,gfu-bronze,105.0,4.1,0.28,FRB20190617B,7.7732082630154276,275.0,227.35,47.650000000000006
IC150919A,gfu-gold,228.0,0.53,0.674,FRB20190327A,4.204822559006286,347.8,263.95000000000005,83.84999999999997
IC150923A,ehe-gold,216.0,1.55,0.334,FRB20190109A,4.865241906220561,325.1,148.35,176.75000000000003
IC150926A,ehe-gold,216.0,1.5,0.296,FRB20190627A,5.476169046523758,402.8,377.79999999999995,25.000000000000057
IC151013A,gfu-bronze,156.0,0.3,0.516,FRB20190423A,2.935176798908735,244.2,215.6,28.599999999999994
IC151017A,gfu-gold,321.0,0.67,0.754,FRB20190122C,3.756679577333532,690.7,667.55,23.15000000000009
IC151114A,gfu-gold,1124.0,0.27,0.957,FRB20181014B,3.039644575679373,888.0,761.4,126.60000000000002
IC151122A,gfu-gold,253.0,0.54,0.637,FRB20190410A,1.424793775703027,278.2,161.5,116.69999999999999
IC160104A,gfu-gold,217.0,0.9,0.566,FRB20190409A,1.7234769919261672,1789.0,1686.9,102.09999999999991
IC160128A,ehe-gold,583.0,0.58,0.146,FRB20190410A,12.533265878902947,278.2,161.5,116.69999999999999
IC160225A,gfu-gold,188.0,0.15,0.596,FRB20190223B,0.5151039252675572,535.4,391.8,143.59999999999997
IC160307A,gfu-bronze,106.0,3.15,0.28,FRB20181102A,6.5242356169051074,415.7,213.4,202.29999999999998
IC160331A,gfu-gold,492.0,0.46,0.851,FRB20180925B,7.769163987841028,668.0,632.8,35.200000000000045
IC160410A,gfu-bronze,131.0,2.28,0.367,FRB20190104B,2.3608684997090625,527.3,486.45000000000005,40.84999999999991
IC160427A,hese-bronze,85.0,0.23,0.451,FRB20181224E,2.5753113580078577,580.7,547.3,33.40000000000009
IC160510A,ehe-gold,208.0,1.4,0.393,FRB20190515B,8.083507441485489,820.1,794.05,26.050000000000068
IC160612A,gfu-bronze,106.0,4.74,0.249,FRB20190531E,4.335313473067162,328.4,300.9,27.5
IC160614A,gfu-bronze,112.0,0.89,0.413,FRB20181201A,1.5575421507808174,698.7,671.65,27.050000000000068
IC160615A,gfu-bronze,150.0,1.64,0.41,FRB20190124E,10.12131072240992,614.6,269.55,345.05
IC160707A,gfu-bronze,110.0,4.15,0.278,FRB20190515B,9.804587455528132,820.1,794.05,26.050000000000068
IC160720A,gfu-bronze,108.0,2.07,0.368,FRB20190226A,2.963770328926472,600.1,502.35,97.75
IC160727A,gfu-bronze,105.0,3.02,0.296,FRB20190319A,8.95518741001242,2041.3,1915.1999999999998,126.10000000000014
IC160731A,hese-bronze,98.0,0.33,0.441,FRB20181014D,3.007728693039719,376.9,348.85,28.049999999999955
IC160731B,gfu-bronze,118.0,2.08,0.385,FRB20190222D,6.603624805218977,894.5,793.1500000000001,101.34999999999991
IC160806A,gfu-gold,219.0,0.82,0.578,FRB20190625D,9.55127267700668,716.6,601.8,114.80000000000007
IC160812A,gfu-bronze,160.0,0.22,0.527,FRB20190317A,4.181363645333605,1156.5,991.7,164.79999999999995
IC160814A,hese-gold,263.0,0.56,0.607,FRB20181014D,32.84301481849975,376.9,348.85,28.049999999999955
IC160924A,gfu-gold,191.0,1.25,0.508,FRB20190518C,3.4149784314919938,444.8,405.29999999999995,39.50000000000006
IC161001A,gfu-gold,204.0,0.35,0.639,FRB20190323C,6.164913740542095,380.1,359.2,20.900000000000034
IC161012A,gfu-gold,759.0,0.9,0.252,FRB20190627A,10.076989805905349,402.8,377.79999999999995,25.000000000000057
IC161021A,gfu-bronze,135.0,1.42,0.434,FRB20181226D,1.9117308635181978,386.6,313.29999999999995,73.30000000000007
IC161027A,gfu-bronze,155.0,2.31,0.376,FRB20190625D,5.1905786347609295,716.6,601.8,114.80000000000007
IC161103A,hese-bronze,85.0,1.38,0.311,FRB20181116A,9.310356442760188,354.2,322.35,31.849999999999966
IC161117A,gfu-gold,190.0,1.27,0.504,FRB20190409A,5.191301425557491,1789.0,1686.9,102.09999999999991
IC161125A,gfu-bronze,161.0,1.94,0.403,FRB20190403B,4.803368373037136,291.1,241.45,49.650000000000034
IC161127A,gfu-bronze,139.0,0.35,0.453,FRB20190116F,2.063310779083836,315.4,272.85,42.549999999999955
IC161210A,ehe-gold,80.0,1.97,0.38,FRB20190129A,6.292034735355593,478.8,435.25,43.55000000000001
IC161224A,gfu-bronze,139.0,1.93,0.417,FRB20190418A,4.203805469689482,182.8,106.65,76.15
IC170105A,gfu-gold,198.0,1.05,0.535,FRB20181030C,4.171706152176455,668.0,602.85,65.14999999999998
IC170206A,gfu-bronze,135.0,0.91,0.462,FRB20181022D,3.465519614955823,512.7,495.45,17.250000000000057
IC170208A,gfu-bronze,151.0,1.66,0.431,FRB20190103B,6.471997961036185,530.5,301.35,229.14999999999998
IC170208B,gfu-bronze,133.0,3.23,0.328,FRB20181102A,12.331396698573942,415.7,213.4,202.29999999999998
IC170227A,gfu-bronze,108.0,3.91,0.267,FRB20190621C,1.7652925144618117,571.0,546.2,24.799999999999955
IC170308A,gfu-bronze,107.0,4.44,0.254,FRB20190131C,12.031625045313147,506.3,479.85,26.44999999999999
IC170321A,ehe-gold,231.0,1.15,0.242,FRB20190113A,15.508454834225724,430.3,213.2,217.10000000000002
IC170422A,gfu-bronze,161.0,1.95,0.391,FRB20190518C,1.3808873632802494,444.8,405.29999999999995,39.50000000000006
IC170427A,gfu-bronze,155.0,2.26,0.383,FRB20190515B,6.018291529978407,820.1,794.05,26.050000000000068
IC170514A,gfu-bronze,109.0,2.53,0.338,FRB20190222D,8.166306340785573,894.5,793.1500000000001,101.34999999999991
IC170514B,gfu-gold,174.0,0.82,0.553,FRB20190625A,2.27675858666171,297.6,278.9,18.700000000000045
IC170527A,gfu-bronze,124.0,1.43,0.422,FRB20181223C,2.447247073640385,111.6,93.0,18.599999999999994
IC170621A,gfu-bronze,109.0,2.13,0.367,FRB20190609C,1.9287487492429571,480.4,347.8,132.59999999999997
IC170626A,gfu-gold,201.0,0.99,0.547,FRB20190317E,7.873931452221466,800.7,681.3,119.40000000000009
IC170704A,gfu-gold,195.0,0.78,0.602,FRB20181221A,2.5027915531162,313.8,291.9,21.900000000000034
IC170717A,gfu-gold,534.0,0.3,0.866,FRB20190304B,3.3509885281307055,470.7,448.6,22.099999999999966
IC170803A,gfu-gold,214.0,0.93,0.561,FRB20190515B,1.2493754194273377,820.1,794.05,26.050000000000068
IC170809A,gfu-gold,226.0,0.69,0.598,FRB20181118A,4.1759939186388975,558.0,530.95,27.049999999999955
IC170819A,gfu-bronze,167.0,1.21,0.509,FRB20181231A,3.3034831339376503,1376.5,1338.1,38.40000000000009
IC170824A,gfu-gold,175.0,1.19,0.489,FRB20190129A,9.534421496035717,478.8,435.25,43.55000000000001
IC170922A,gfu-gold,264.0,0.6,0.631,FRB20190409A,2.276190434198549,1789.0,1686.9,102.09999999999991
IC170923A,gfu-gold,202.0,0.93,0.563,FRB20190605C,5.763246789275295,186.0,155.25,30.75
IC171006A,gfu-bronze,118.0,2.24,0.37,FRB20190221A,7.330057920999885,224.8,171.8,53.0
IC171015A,hese-gold,72.0,0.3,0.554,FRB20190605C,11.581265278680961,186.0,155.25,30.75
IC171028A,gfu-bronze,133.0,3.0,0.337,FRB20181030C,15.410472479472089,668.0,602.85,65.14999999999998
IC171106A,gfu-gold,1573.0,0.19,0.975,FRB20190124F,2.459573221154638,253.9,221.5,32.400000000000006
IC171108A,gfu-bronze,20310.0,0.15,0.179,FRB20190410A,19.29507570771892,278.2,161.5,116.69999999999999
IC180117A,hese-bronze,85.0,0.33,0.424,FRB20190621C,1.3912529661517137,571.0,546.2,24.799999999999955
IC180123A,gfu-gold,416.0,0.54,0.788,FRB20190427A,1.8088550981695275,454.5,350.45000000000005,104.04999999999995
IC180125A,gfu-bronze,110.0,2.19,0.362,FRB20190304B,2.4573850865331206,470.7,448.6,22.099999999999966
IC180205A,gfu-bronze,113.0,0.94,0.229,FRB20181118A,5.233081975201723,558.0,530.95,27.049999999999955
IC180213A,gfu-bronze,111.0,3.93,0.273,FRB20190625C,7.938477972013361,441.6,351.70000000000005,89.89999999999998
IC180228A,gfu-bronze,124.0,1.41,0.424,FRB20190423B,3.4041886836782522,585.5,131.55,453.95
IC180313A,gfu-bronze,160.0,2.01,0.388,FRB20190128D,12.493951175970404,428.6,210.15,218.45000000000002
IC180314A,gfu-bronze,145.0,2.61,0.36,FRB20190617B,2.3111233074622706,275.0,227.35,47.650000000000006
IC180316A,gfu-bronze,156.0,2.15,0.391,FRB20190410A,8.290004046796065,278.2,161.5,116.69999999999999
IC180410A,gfu-gold,234.0,0.7,0.6,FRB20181014D,4.26933701260043,376.9,348.85,28.049999999999955
IC180417A,gfu-gold,202.0,0.85,0.577,FRB20181030C,9.345568504723698,668.0,602.85,65.14999999999998
IC180528A,gfu-bronze,110.0,4.2,0.278,FRB20181030C,4.352341201156965,668.0,602.85,65.14999999999998
IC180608A,gfu-bronze,158.0,2.07,0.396,FRB20190515D,4.385791812531046,425.4,372.65,52.75
IC180612A,gfu-bronze,107.0,4.66,0.25,FRB20190124F,1.5866533443154152,253.9,221.5,32.400000000000006
IC180613A,gfu-bronze,155.0,1.57,0.415,FRB20181116A,7.286714918483375,354.2,322.35,31.849999999999966
IC180728A,gfu-bronze,16952.0,0.31,0.178,FRB20190515D,14.458941311524379,425.4,372.65,52.75
IC180807A,gfu-bronze,106.0,3.3,0.276,FRB20190103C,3.749237037295257,1349.0,1160.35,188.6500000000001
IC180908A,ehe-gold,144.0,1.83,0.3,FRB20190403B,10.257805675719723,291.1,241.45,49.650000000000034
IC180909A,gfu-bronze,171.0,0.83,0.533,FRB20180925B,7.020091454460971,668.0,632.8,35.200000000000045
IC180919A,gfu-bronze,144.0,1.02,0.478,FRB20181214F,4.882987752026855,2106.0,2069.35,36.65000000000009
IC181008A,gfu-bronze,108.0,4.42,0.267,FRB20190409A,6.005038412276637,1789.0,1686.9,102.09999999999991
IC181014A,hese-bronze,62.0,1.88,0.386,FRB20190104B,30.006126072001877,527.3,486.45000000000005,40.84999999999991
IC181023A,ehe-gold,237.0,1.12,0.153,FRB20190410A,9.0103019669922,278.2,161.5,116.69999999999999
IC181023B,gfu-bronze,136.0,1.66,0.427,FRB20181104C,4.258160780485384,580.7,452.6,128.10000000000002
IC181114B,gfu-bronze,145.0,1.75,0.438,FRB20180907B,1.483755496006457,658.3,624.2,34.09999999999991
IC181120A,gfu-gold,188.0,0.99,0.537,FRB20190130A,1.4416214259920166,1365.2,1334.75,30.450000000000045
IC181120B,gfu-bronze,173.0,0.15,0.571,FRB20190221C,5.832176392645814,2038.0,1745.65,292.3499999999999
IC181121A,gfu-gold,209.0,0.52,0.645,FRB20190617C,3.3035319232294946,637.3,598.8499999999999,38.450000000000045
IC181212A,hese-bronze,162.0,1.38,0.459,FRB20181030C,35.54890954222387,668.0,602.85,65.14999999999998
IC190113A,gfu-bronze,156.0,2.21,0.386,FRB20190617B,2.037345096376361,275.0,227.35,47.650000000000006
IC190124A,hese-gold,157.0,0.3,0.743,FRB20181030C,36.281142830746205,668.0,602.85,65.14999999999998
IC190201A,gfu-bronze,163.0,0.38,0.533,FRB20190420C,2.828523457953797,627.6,597.3,30.300000000000068
IC190214A,gfu-gold,348.0,0.31,0.738,FRB20190104B,6.77972202731275,527.3,486.45000000000005,40.84999999999991
IC190221A,hese-gold,56.0,0.36,0.55,FRB20190410A,15.471204670544846,278.2,161.5,116.69999999999999
IC190223A,gfu-bronze,168.0,1.15,0.512,FRB20190222B,5.161048933937337,498.2,469.9,28.30000000000001
IC190317A,gfu-bronze,108.0,4.4,0.26,FRB20190409A,3.910195664479787,1789.0,1686.9,102.09999999999991
IC190410A,gfu-bronze,105.0,3.01,0.28,FRB20181030C,8.266082398252436,668.0,602.85,65.14999999999998
IC190413A,gfu-bronze,107.0,2.75,0.292,FRB20190214C,7.652819959342412,533.8,510.95,22.849999999999966
IC190413B,gfu-bronze,115.0,2.01,0.383,FRB20181127A,3.8115291626153023,930.1,899.6500000000001,30.449999999999932
IC190415A,gfu-bronze,117.0,3.64,0.298,FRB20190630D,11.973414753889816,321.9,283.55,38.349999999999966
IC190422A,gfu-bronze,170.0,1.19,0.513,FRB20190130B,5.166252511514362,988.3,963.65,24.649999999999977
IC190503A,ehe-gold,142.0,1.75,0.341,FRB20190625D,5.37601784448324,716.6,601.8,114.80000000000007
IC190504A,hese-bronze,55.0,1.88,0.386,FRB20190515D,32.299771968720904,425.4,372.65,52.75
IC190515A,gfu-gold,457.0,0.44,0.816,FRB20190221A,5.3586919984049,224.8,171.8,53.0
IC190613A,gfu-gold,195.0,0.72,0.606,FRB20190222D,1.5293930811167753,894.5,793.1500000000001,101.34999999999991
IC190619A,gfu-gold,199.0,0.98,0.547,FRB20190124F,6.749639459393118,253.9,221.5,32.400000000000006
IC190629A,gfu-bronze,109.0,0.64,0.343,FRB20190423D,0.24574705249059678,498.2,428.5,69.69999999999999
IC190704A,gfu-bronze,155.0,1.0,0.486,FRB20190411B,7.247866272514169,1227.7,1200.65,27.049999999999955
IC190712A,gfu-bronze,109.0,2.61,0.304,FRB20181014B,2.669676991540372,888.0,761.4,126.60000000000002
IC190730A,gfu-gold,298.0,0.68,0.67,FRB20190612B,7.542780168405899,186.0,160.85000000000002,25.149999999999977
IC190819A,gfu-bronze,113.0,3.85,0.293,FRB20190630D,9.059691786718082,321.9,283.55,38.349999999999966
IC190922A,ehe-gold,3114.0,0.23,0.202,FRB20190605C,17.10846562187397,186.0,155.25,30.75
IC190922B,gfu-gold,187.0,1.33,0.504,FRB20190515B,6.942393154028481,820.1,794.05,26.050000000000068
IC191001A,gfu-gold,218.0,0.86,0.59,FRB20181030C,9.712956267966133,668.0,602.85,65.14999999999998
IC191119A,gfu-gold,177.0,1.54,0.451,FRB20190612B,7.102864803449981,186.0,160.85000000000002,25.149999999999977
IC191122A,gfu-bronze,127.0,3.13,0.329,FRB20180921A,5.325703224871999,393.1,363.79999999999995,29.300000000000068
IC191204A,gfu-bronze,130.0,3.22,0.326,FRB20190409A,3.9024455962129956,1789.0,1686.9,102.09999999999991
IC191215A,gfu-bronze,133.0,0.34,0.476,FRB20181218C,0.49303672883551447,385.0,321.25,63.75
IC191231A,gfu-bronze,156.0,1.55,0.464,FRB20190129A,3.4469677941916266,478.8,435.25,43.55000000000001
IC200109A,gfu-gold,375.0,0.64,0.769,FRB20190131C,1.685136260099222,506.3,479.85,26.44999999999999
IC200117A,gfu-bronze,108.0,1.93,0.375,FRB20190202B,3.5809599171831086,464.2,387.1,77.09999999999997
IC200120A,gfu-bronze,6055.0,0.37,0.314,FRB20190515D,9.583962400504598,425.4,372.65,52.75
IC200410A,gfu-bronze,110.0,2.55,0.305,FRB20190206A,3.169231565492327,187.6,149.85000000000002,37.74999999999997
IC200421A,gfu-bronze,127.0,2.79,0.333,FRB20181102A,7.4324826097268115,415.7,213.4,202.29999999999998
IC200425A,gfu-bronze,135.0,0.52,0.481,FRB20181013B,2.3781743787117353,284.7,182.35,102.35
IC200512A,gfu-bronze,109.0,2.61,0.322,FRB20190124E,5.367090809989858,614.6,269.55,345.05
IC200523A,gfu-bronze,105.0,4.91,0.25,FRB20190124F,3.5609799707905587,253.9,221.5,32.400000000000006
IC200530A,ehe-gold,82.0,1.95,0.59,FRB20190320C,4.2698755476462305,367.2,326.54999999999995,40.650000000000034
IC200614A,gfu-bronze,115.0,1.48,0.415,FRB20190619C,5.9898244391046465,486.9,419.7,67.19999999999999
IC200615A,gfu-gold,496.0,0.29,0.828,FRB20190630D,5.255812837788974,321.9,283.55,38.349999999999966
IC200620A,gfu-bronze,114.0,2.32,0.325,FRB20190131C,4.520522892680425,506.3,479.85,26.44999999999999
IC200806A,gfu-bronze,107.0,0.79,0.397,FRB20190422B,2.1943849610267625,975.4,949.5,25.899999999999977
IC200911A,gfu-bronze,111.0,0.97,0.408,FRB20190422A,3.5981359485637614,452.9,369.9,83.0
IC200916A,gfu-bronze,110.0,2.48,0.322,FRB20190103C,6.367717860597665,1349.0,1160.35,188.6500000000001
IC200921A,gfu-bronze,117.0,1.59,0.409,FRB20180727A,2.185290138188226,642.1,621.65,20.450000000000045
IC200926A,ehe-gold,670.0,0.54,0.44,FRB20190113A,11.732599111382132,430.3,213.2,217.10000000000002
IC200926B,gfu-bronze,121.0,1.29,0.434,FRB20190325B,2.703959938766288,1730.7,1714.4499999999998,16.250000000000227
IC200929A,gfu-gold,183.0,1.41,0.475,FRB20180921A,1.6930513668535363,393.1,363.79999999999995,29.300000000000068
IC201007A,gfu-gold,683.0,0.26,0.885,FRB20190410A,7.894795167974654,278.2,161.5,116.69999999999999
IC201014A,gfu-bronze,147.0,1.71,0.414,FRB20190214C,5.409082910240847,533.8,510.95,22.849999999999966
IC201021A,gfu-bronze,105.0,2.99,0.297,FRB20190111B,1.2816839407917804,1334.4,1278.85,55.55000000000018
IC201114A,gfu-gold,214.0,0.92,0.562,FRB20190109A,2.3304500858234367,325.1,148.35,176.75000000000003
IC201115A,gfu-gold,177.0,1.52,0.46,FRB20190627A,0.9947809774119968,402.8,377.79999999999995,25.000000000000057
IC201120A,gfu-bronze,154.0,0.29,0.503,FRB20190627D,9.63006063887765,1999.2,1865.75,133.45000000000005
IC201130A,ehe-gold,203.0,1.32,0.15,FRB20181118A,11.294576393295195,558.0,530.95,27.049999999999955
IC201209A,ehe-gold,419.0,0.77,0.19,FRB20190531E,12.838480745176982,328.4,300.9,27.5
IC201221A,gfu-gold,175.0,0.15,0.564,FRB20190404B,2.310323500295954,490.1,448.95,41.150000000000034
IC201222A,gfu-gold,186.0,1.01,0.534,FRB20190604D,6.639200693586467,1020.6,998.5999999999999,22.000000000000114
IC210210A,gfu-gold,287.0,0.46,0.655,FRB20190621C,0.6786891295063044,571.0,546.2,24.799999999999955
IC210503A,gfu-bronze,111.0,0.66,0.414,FRB20181214B,3.5395137276495148,1120.9,1084.45,36.450000000000045
IC210510A,gfu-bronze,113.0,3.94,0.281,FRB20190410A,7.916265415020364,278.2,161.5,116.69999999999999
IC210516A,gfu-bronze,109.0,3.1,0.289,FRB20181102A,7.546178603788163,415.7,213.4,202.29999999999998
IC210608A,gfu-bronze,105.0,3.07,0.315,FRB20190405A,2.615902041602078,423.8,381.4,42.400000000000034
IC210629A,gfu-bronze,121.0,2.08,0.351,FRB20190202A,5.329404021185478,305.7,270.4,35.30000000000001
IC210717A,hese-bronze,127.0,0.69,0.39,FRB20190617B,10.248788781108482,275.0,227.35,47.650000000000006
IC210730A,gfu-bronze,109.0,2.54,0.319,FRB20190103C,4.011275797273739,1349.0,1160.35,188.6500000000001
IC210811A,gfu-gold,218.0,0.69,0.658,FRB20190623A,0.8103470238612124,1082.1,1015.25,66.84999999999991
IC210922A,gfu-gold,751.0,0.15,0.925,FRB20190515D,6.433119331118877,425.4,372.65,52.75
IC211023A,gfu-bronze,121.0,3.21,0.326,FRB20190109B,2.9748601718622774,176.3,114.30000000000001,62.0
IC211116A,gfu-bronze,161.0,1.94,0.402,FRB20181116A,7.743959619572792,354.2,322.35,31.849999999999966
IC211117A,gfu-gold,195.0,1.17,0.526,FRB20190612B,5.387549431068565,186.0,160.85000000000002,25.149999999999977
IC211123A,gfu-bronze,142.0,2.57,0.356,FRB20190410B,7.843526692149861,642.1,572.2,69.89999999999998
IC211125A,gfu-bronze,118.0,1.97,0.39,FRB20190129A,1.796195757423195,478.8,435.25,43.55000000000001
IC211208A,gfu-bronze,171.0,1.2,0.502,FRB20181226D,8.521090592148424,386.6,313.29999999999995,73.30000000000007
IC211216A,gfu-bronze,113.0,2.37,0.343,FRB20190618A,10.804101252051233,228.1,158.25,69.85
IC211216B,gfu-bronze,113.0,2.39,0.346,FRB20190122C,1.3145373647834777,690.7,667.55,23.15000000000009
IC220115A,gfu-bronze,110.0,2.09,0.37,FRB20190107A,4.669934521338622,841.1,813.3,27.800000000000068
IC220202A,ehe-gold,151.0,1.93,0.206,FRB20181118A,2.626949334256914,558.0,530.95,27.049999999999955
IC220205A,gfu-bronze,110.0,2.52,0.322,FRB20190214C,4.617174801506196,533.8,510.95,22.849999999999966
IC220205B,gfu-gold,216.0,0.73,0.595,FRB20190410A,3.7630424079651785,278.2,161.5,116.69999999999999
IC220221A,hese-gold,157.0,0.36,0.673,FRB20190412B,2.540676694426519,375.3,110.5,264.8
IC220225A,gfu-bronze,154.0,2.33,0.378,FRB20181116A,4.711223703878847,354.2,322.35,31.849999999999966
IC220303A,gfu-gold,398.0,0.54,0.764,FRB20190410B,4.242918071575035,642.1,572.2,69.89999999999998
IC220304A,gfu-gold,263.0,0.58,0.631,FRB20190617B,8.329860567302685,275.0,227.35,47.650000000000006
IC220306A,gfu-gold,413.0,0.45,0.774,FRB20181030C,6.777215885923078,668.0,602.85,65.14999999999998
IC220317A,gfu-bronze,133.0,1.9,0.365,FRB20190222B,9.684364079389752,498.2,469.9,28.30000000000001
IC220405A,gfu-bronze,122.0,3.28,0.323,FRB20190403B,2.907354132426355,291.1,241.45,49.650000000000034
IC220405B,gfu-bronze,106.0,2.02,0.364,FRB20180907A,0.4555967351995159,875.1,793.5,81.60000000000002
IC220421A,gfu-bronze,155.0,2.28,0.375,FRB20190319A,0.23612175017692696,2041.3,1915.1999999999998,126.10000000000014
IC220424A,gfu-gold,184.0,1.21,0.497,FRB20190124F,7.9949146111095075,253.9,221.5,32.400000000000006
IC220425A,ehe-gold,604.0,0.57,0.169,FRB20190410A,9.607540308043799,278.2,161.5,116.69999999999999
IC220501A,gfu-bronze,127.0,2.11,0.396,FRB20190222D,8.17718419506462,894.5,793.1500000000001,101.34999999999991
IC220509A,gfu-gold,177.0,1.53,0.446,FRB20190429B,4.533659315959456,297.6,258.3,39.30000000000001
IC220513A,gfu-gold,208.0,0.94,0.56,FRB20190612B,5.935485399468717,186.0,160.85000000000002,25.149999999999977
IC220524A,gfu-bronze,116.0,2.86,0.336,FRB20190617B,10.238876728127945,275.0,227.35,47.650000000000006
IC220624A,gfu-gold,193.0,0.17,0.609,FRB20190227B,3.1106628478913603,331.6,308.15,23.450000000000045
IC220627A,gfu-bronze,126.0,3.45,0.314,FRB20190516B,2.703658489606373,1235.8,1207.15,28.649999999999864
IC220629A,gfu-bronze,119.0,3.64,0.301,FRB20190516B,4.562198358499939,1235.8,1207.15,28.649999999999864
IC220822A,gfu-bronze,115.0,2.01,0.383,FRB20190623A,3.8214731251301486,1082.1,1015.25,66.84999999999991
IC220907A,gfu-bronze,128.0,0.46,0.46,FRB20190227B,5.828976084694929,331.6,308.15,23.450000000000045
IC220918A,gfu-bronze,168.0,1.71,0.418,FRB20190409A,5.36634844451627,1789.0,1686.9,102.09999999999991
IC220928A,gfu-bronze,143.0,1.99,0.378,FRB20190621C,5.267691704050279,571.0,546.2,24.799999999999955
IC221104A,gfu-bronze,109.0,2.63,0.316,FRB20190122C,9.002876247128022,690.7,667.55,23.15000000000009
IC221124A,gfu-bronze,144.0,2.79,0.35,FRB20181030C,10.888271308038867,668.0,602.85,65.14999999999998
IC221210A,gfu-bronze,165.0,0.95,0.508,FRB20190614B,1.9568606110331022,580.7,531.0,49.700000000000045
IC221216A,gfu-bronze,156.0,1.59,0.414,FRB20181228A,0.4460492801688147,748.9,718.8,30.100000000000023
IC221223A,gfu-gold,353.0,0.25,0.795,FRB20190122A,3.1805050360503513,1229.3,1171.0,58.299999999999955
IC221224A,gfu-bronze,111.0,4.12,0.278,FRB20190124F,5.012799894433071,253.9,221.5,32.400000000000006
IC221229A,gfu-gold,205.0,1.01,0.544,FRB20180921A,3.095096834547391,393.1,363.79999999999995,29.300000000000068
IC230112A,gfu-bronze,111.0,4.05,0.284,FRB20180921A,6.16781422597852,393.1,363.79999999999995,29.300000000000068
IC230122A,gfu-bronze,108.0,3.62,0.273,FRB20190527A,4.304071299971578,582.3,555.4,26.899999999999977
IC230201A,gfu-bronze,121.0,2.07,0.348,FRB20190202A,5.135174964445961,305.7,270.4,35.30000000000001
IC230217A,hese-bronze,55.0,1.88,0.454,FRB20190224C,1.0643788783180828,495.0,433.35,61.64999999999998
IC230220A,gfu-bronze,152.0,2.52,0.364,FRB20190515B,1.8187497435375501,820.1,794.05,26.050000000000068
IC230306A,gfu-gold,175.0,0.71,0.564,FRB20190415C,1.7048272892776086,648.6,447.75,200.85000000000002
IC230401A,gfu-bronze,111.0,4.11,0.274,FRB20180919B,4.8956915595172665,558.0,531.7,26.299999999999955
IC230405A,gfu-bronze,110.0,2.84,0.299,FRB20190625D,7.56514056888274,716.6,601.8,114.80000000000007
IC230416A,gfu-bronze,127.0,2.53,0.341,FRB20190124F,7.873529561638018,253.9,221.5,32.400000000000006
IC230506A,gfu-gold,211.0,0.76,0.643,FRB20181203B,3.9792724937883186,373.6,320.1,53.5
IC230511A,gfu-bronze,167.0,0.49,0.546,FRB20190106A,9.817730732393517,341.3,250.35,90.95000000000002
IC230524A,gfu-bronze,109.0,4.25,0.267,FRB20181030C,8.661239705680668,668.0,602.85,65.14999999999998
IC230603A,gfu-bronze,145.0,1.24,0.456,FRB20190609C,4.537785226848793,480.4,347.8,132.59999999999997
IC230707A,gfu-gold,280.0,0.44,0.663,FRB20190410A,5.572666224429744,278.2,161.5,116.69999999999999
IC230707B,gfu-bronze,154.0,1.36,0.466,FRB20190128B,2.5613643003025497,247.5,190.9,56.599999999999994
IC230708A,gfu-gold,208.0,0.94,0.56,FRB20190317E,5.993892840002824,800.7,681.3,119.40000000000009
IC230724A,gfu-gold,191.0,1.1738,0.526,FRB20181116A,7.298863051019828,354.2,322.35,31.849999999999966
IC230725A,gfu-bronze,145.0,1.68,0.394,FRB20190630A,6.764712981913803,401.1,348.35,52.75
IC230727A,gfu-bronze,113.0,3.38,0.294,FRB20181116A,3.913921451739436,354.2,322.35,31.849999999999966
IC230914A,gfu-bronze,168.0,0.88,0.544,FRB20190101A,7.310160191999342,867.0,833.15,33.85000000000002
IC231004A,gfu-gold,442.0,0.45,0.842,FRB20180925B,4.3284359544233855,668.0,632.8,35.200000000000045
IC231014A,gfu-bronze,105.0,4.85,0.254,FRB20181030C,12.929585030439437,668.0,602.85,65.14999999999998
