count,energy_tev_min,energy_tev_max,signalness_min,signalness_max,far_per_year_min,far_per_year_max,dec_deg_min,dec_deg_max,plasma_column_scaled_min,plasma_column_scaled_max
1.0,39.810717055349734,56.23413251903491,0.30000000000000004,0.4,0.31622776601683794,1.0,0.0,10.0,31.54786722400968,49.99999999999999
1.0,39.810717055349734,56.23413251903491,0.30000000000000004,0.4,1.0,3.1622776601683795,-40.0,-30.0,49.99999999999999,79.2446596230557
1.0,39.810717055349734,56.23413251903491,0.4,0.5,1.0,3.1622776601683795,20.0,30.0,49.99999999999999,79.2446596230557
1.0,39.810717055349734,56.23413251903491,0.5,0.6000000000000001,0.31622776601683794,1.0,-20.0,-10.0,79.2446596230557,125.59432157547909
1.0,56.23413251903491,79.43282347242814,0.30000000000000004,0.4,1.0,3.1622776601683795,-40.0,-30.0,31.54786722400968,49.99999999999999
1.0,56.23413251903491,79.43282347242814,0.5,0.6000000000000001,0.1,0.31622776601683794,-20.0,-10.0,19.905358527674863,31.54786722400968
1.0,56.23413251903491,79.43282347242814,0.5,0.6000000000000001,0.31622776601683794,1.0,20.0,30.0,19.905358527674863,31.54786722400968
1.0,56.23413251903491,79.43282347242814,0.7000000000000001,0.8,0.1,0.31622776601683794,40.0,50.0,125.59432157547909,199.05358527674863
1.0,79.43282347242814,112.2018454301963,0.2,0.30000000000000004,1.0,3.1622776601683795,0.0,10.0,19.905358527674863,31.54786722400968
1.0,79.43282347242814,112.2018454301963,0.2,0.30000000000000004,1.0,3.1622776601683795,0.0,10.0,79.2446596230557,125.59432157547909
1.0,79.43282347242814,112.2018454301963,0.2,0.30000000000000004,1.0,3.1622776601683795,0.0,10.0,199.05358527674863,315.4786722400968
1.0,79.43282347242814,112.2018454301963,0.2,0.30000000000000004,1.0,3.1622776601683795,10.0,20.0,19.905358527674863,31.54786722400968
2.0,79.43282347242814,112.2018454301963,0.2,0.30000000000000004,1.0,3.1622776601683795,10.0,20.0,49.99999999999999,79.2446596230557
1.0,79.43282347242814,112.2018454301963,0.2,0.30000000000000004,1.0,3.1622776601683795,10.0,20.0,125.59432157547909,199.05358527674863
1.0,79.43282347242814,112.2018454301963,0.2,0.30000000000000004,1.0,3.1622776601683795,10.0,20.0,199.05358527674863,315.4786722400968
2.0,79.43282347242814,112.2018454301963,0.2,0.30000000000000004,3.1622776601683795,10.0,-10.0,0.0,31.54786722400968,49.99999999999999
1.0,79.43282347242814,112.2018454301963,0.2,0.30000000000000004,3.1622776601683795,10.0,-10.0,0.0,49.99999999999999,79.2446596230557
9.0,79.43282347242814,112.2018454301963,0.2,0.30000000000000004,3.1622776601683795,10.0,0.0,10.0,19.905358527674863,31.54786722400968
5.0,79.43282347242814,112.2018454301963,0.2,0.30000000000000004,3.1622776601683795,10.0,0.0,10.0,31.54786722400968,49.99999999999999
5.0,79.43282347242814,112.2018454301963,0.2,0.30000000000000004,3.1622776601683795,10.0,0.0,10.0,49.99999999999999,79.2446596230557
6.0,79.43282347242814,112.2018454301963,0.2,0.30000000000000004,3.1622776601683795,10.0,0.0,10.0,79.2446596230557,125.59432157547909
1.0,79.43282347242814,112.2018454301963,0.2,0.30000000000000004,3.1622776601683795,10.0,10.0,20.0,125.59432157547909,199.05358527674863
1.0,79.43282347242814,112.2018454301963,0.30000000000000004,0.4,0.31622776601683794,1.0,40.0,50.0,19.905358527674863,31.54786722400968
1.0,79.43282347242814,112.2018454301963,0.30000000000000004,0.4,0.31622776601683794,1.0,50.0,60.0,19.905358527674863,31.54786722400968
1.0,79.43282347242814,112.2018454301963,0.30000000000000004,0.4,0.31622776601683794,1.0,50.0,60.0,79.2446596230557,125.59432157547909
1.0,79.43282347242814,112.2018454301963,0.30000000000000004,0.4,0.31622776601683794,1.0,80.0,90.0,49.99999999999999,79.2446596230557
1.0,79.43282347242814,112.2018454301963,0.30000000000000004,0.4,1.0,3.1622776601683795,10.0,20.0,12.559432157547903,19.905358527674863
2.0,79.43282347242814,112.2018454301963,0.30000000000000004,0.4,1.0,3.1622776601683795,10.0,20.0,19.905358527674863,31.54786722400968
5.0,79.43282347242814,112.2018454301963,0.30000000000000004,0.4,1.0,3.1622776601683795,10.0,20.0,31.54786722400968,49.99999999999999
1.0,79.43282347242814,112.2018454301963,0.30000000000000004,0.4,1.0,3.1622776601683795,10.0,20.0,79.2446596230557,125.59432157547909
3.0,79.43282347242814,112.2018454301963,0.30000000000000004,0.4,1.0,3.1622776601683795,10.0,20.0,125.59432157547909,199.05358527674863
1.0,79.43282347242814,112.2018454301963,0.30000000000000004,0.4,1.0,3.1622776601683795,10.0,20.0,315.4786722400968,500.0
3.0,79.43282347242814,112.2018454301963,0.30000000000000004,0.4,1.0,3.1622776601683795,20.0,30.0,19.905358527674863,31.54786722400968
1.0,79.43282347242814,112.2018454301963,0.30000000000000004,0.4,1.0,3.1622776601683795,20.0,30.0,31.54786722400968,49.99999999999999
2.0,79.43282347242814,112.2018454301963,0.30000000000000004,0.4,1.0,3.1622776601683795,20.0,30.0,49.99999999999999,79.2446596230557
2.0,79.43282347242814,112.2018454301963,0.30000000000000004,0.4,1.0,3.1622776601683795,20.0,30.0,79.2446596230557,125.59432157547909
2.0,79.43282347242814,112.2018454301963,0.30000000000000004,0.4,1.0,3.1622776601683795,20.0,30.0,125.59432157547909,199.05358527674863
1.0,79.43282347242814,112.2018454301963,0.30000000000000004,0.4,1.0,3.1622776601683795,30.0,40.0,19.905358527674863,31.54786722400968
1.0,79.43282347242814,112.2018454301963,0.30000000000000004,0.4,1.0,3.1622776601683795,30.0,40.0,125.59432157547909,199.05358527674863
1.0,79.43282347242814,112.2018454301963,0.4,0.5,0.1,0.31622776601683794,0.0,10.0,31.54786722400968,49.99999999999999
1.0,79.43282347242814,112.2018454301963,0.4,0.5,0.31622776601683794,1.0,-10.0,0.0,19.905358527674863,31.54786722400968
1.0,79.43282347242814,112.2018454301963,0.4,0.5,0.31622776601683794,1.0,0.0,10.0,19.905358527674863,31.54786722400968
1.0,79.43282347242814,112.2018454301963,0.4,0.5,0.31622776601683794,1.0,30.0,40.0,79.2446596230557,125.59432157547909
2.0,79.43282347242814,112.2018454301963,0.4,0.5,0.31622776601683794,1.0,40.0,50.0,19.905358527674863,31.54786722400968
1.0,79.43282347242814,112.2018454301963,0.4,0.5,0.31622776601683794,1.0,40.0,50.0,31.54786722400968,49.99999999999999
1.0,79.43282347242814,112.2018454301963,0.4,0.5,0.31622776601683794,1.0,50.0,60.0,19.905358527674863,31.54786722400968
1.0,79.43282347242814,112.2018454301963,0.4,0.5,1.0,3.1622776601683795,-80.0,-70.0,19.905358527674863,31.54786722400968
1.0,79.43282347242814,112.2018454301963,0.5,0.6000000000000001,1.0,3.1622776601683795,20.0,30.0,31.54786722400968,49.99999999999999
1.0,112.2018454301963,158.48931924611142,0.2,0.30000000000000004,0.31622776601683794,1.0,-20.0,-10.0,19.905358527674863,31.54786722400968
1.0,112.2018454301963,158.48931924611142,0.2,0.30000000000000004,1.0,3.1622776601683795,-10.0,0.0,19.905358527674863,31.54786722400968
1.0,112.2018454301963,158.48931924611142,0.2,0.30000000000000004,1.0,3.1622776601683795,-10.0,0.0,31.54786722400968,49.99999999999999
4.0,112.2018454301963,158.48931924611142,0.2,0.30000000000000004,3.1622776601683795,10.0,0.0,10.0,31.54786722400968,49.99999999999999
1.0,112.2018454301963,158.48931924611142,0.2,0.30000000000000004,3.1622776601683795,10.0,0.0,10.0,79.2446596230557,125.59432157547909
1.0,112.2018454301963,158.48931924611142,0.30000000000000004,0.4,0.31622776601683794,1.0,-10.0,0.0,31.54786722400968,49.99999999999999
2.0,112.2018454301963,158.48931924611142,0.30000000000000004,0.4,1.0,3.1622776601683795,-10.0,0.0,19.905358527674863,31.54786722400968
5.0,112.2018454301963,158.48931924611142,0.30000000000000004,0.4,1.0,3.1622776601683795,-10.0,0.0,31.54786722400968,49.99999999999999
1.0,112.2018454301963,158.48931924611142,0.30000000000000004,0.4,1.0,3.1622776601683795,-10.0,0.0,49.99999999999999,79.2446596230557
1.0,112.2018454301963,158.48931924611142,0.30000000000000004,0.4,1.0,3.1622776601683795,-10.0,0.0,79.2446596230557,125.59432157547909
7.0,112.2018454301963,158.48931924611142,0.30000000000000004,0.4,1.0,3.1622776601683795,0.0,10.0,19.905358527674863,31.54786722400968
4.0,112.2018454301963,158.48931924611142,0.30000000000000004,0.4,1.0,3.1622776601683795,0.0,10.0,31.54786722400968,49.99999999999999
4.0,112.2018454301963,158.48931924611142,0.30000000000000004,0.4,1.0,3.1622776601683795,0.0,10.0,49.99999999999999,79.2446596230557
3.0,112.2018454301963,158.48931924611142,0.30000000000000004,0.4,1.0,3.1622776601683795,0.0,10.0,79.2446596230557,125.59432157547909
1.0,112.2018454301963,158.48931924611142,0.30000000000000004,0.4,1.0,3.1622776601683795,0.0,10.0,125.59432157547909,199.05358527674863
2.0,112.2018454301963,158.48931924611142,0.30000000000000004,0.4,1.0,3.1622776601683795,0.0,10.0,199.05358527674863,315.4786722400968
5.0,112.2018454301963,158.48931924611142,0.30000000000000004,0.4,1.0,3.1622776601683795,10.0,20.0,19.905358527674863,31.54786722400968
3.0,112.2018454301963,158.48931924611142,0.30000000000000004,0.4,1.0,3.1622776601683795,10.0,20.0,31.54786722400968,49.99999999999999
5.0,112.2018454301963,158.48931924611142,0.30000000000000004,0.4,1.0,3.1622776601683795,10.0,20.0,49.99999999999999,79.2446596230557
1.0,112.2018454301963,158.48931924611142,0.30000000000000004,0.4,1.0,3.1622776601683795,10.0,20.0,79.2446596230557,125.59432157547909
1.0,112.2018454301963,158.48931924611142,0.30000000000000004,0.4,1.0,3.1622776601683795,10.0,20.0,199.05358527674863,315.4786722400968
1.0,112.2018454301963,158.48931924611142,0.30000000000000004,0.4,1.0,3.1622776601683795,20.0,30.0,19.905358527674863,31.54786722400968
1.0,112.2018454301963,158.48931924611142,0.30000000000000004,0.4,1.0,3.1622776601683795,20.0,30.0,31.54786722400968,49.99999999999999
1.0,112.2018454301963,158.48931924611142,0.30000000000000004,0.4,1.0,3.1622776601683795,20.0,30.0,49.99999999999999,79.2446596230557
1.0,112.2018454301963,158.48931924611142,0.30000000000000004,0.4,1.0,3.1622776601683795,20.0,30.0,79.2446596230557,125.59432157547909
1.0,112.2018454301963,158.48931924611142,0.30000000000000004,0.4,3.1622776601683795,10.0,-10.0,0.0,31.54786722400968,49.99999999999999
1.0,112.2018454301963,158.48931924611142,0.30000000000000004,0.4,3.1622776601683795,10.0,-10.0,0.0,49.99999999999999,79.2446596230557
1.0,112.2018454301963,158.48931924611142,0.30000000000000004,0.4,3.1622776601683795,10.0,-10.0,0.0,79.2446596230557,125.59432157547909
3.0,112.2018454301963,158.48931924611142,0.30000000000000004,0.4,3.1622776601683795,10.0,0.0,10.0,19.905358527674863,31.54786722400968
2.0,112.2018454301963,158.48931924611142,0.30000000000000004,0.4,3.1622776601683795,10.0,0.0,10.0,31.54786722400968,49.99999999999999
1.0,112.2018454301963,158.48931924611142,0.30000000000000004,0.4,3.1622776601683795,10.0,0.0,10.0,49.99999999999999,79.2446596230557
2.0,112.2018454301963,158.48931924611142,0.30000000000000004,0.4,3.1622776601683795,10.0,0.0,10.0,79.2446596230557,125.59432157547909
1.0,112.2018454301963,158.48931924611142,0.30000000000000004,0.4,3.1622776601683795,10.0,0.0,10.0,199.05358527674863,315.4786722400968
1.0,112.2018454301963,158.48931924611142,0.4,0.5,0.31622776601683794,1.0,30.0,40.0,12.559432157547903,19.905358527674863
1.0,112.2018454301963,158.48931924611142,0.4,0.5,0.31622776601683794,1.0,30.0,40.0,19.905358527674863,31.54786722400968
1.0,112.2018454301963,158.48931924611142,0.4,0.5,0.31622776601683794,1.0,30.0,40.0,31.54786722400968,49.99999999999999
2.0,112.2018454301963,158.48931924611142,0.4,0.5,0.31622776601683794,1.0,40.0,50.0,19.905358527674863,31.54786722400968
1.0,112.2018454301963,158.48931924611142,0.4,0.5,0.31622776601683794,1.0,50.0,60.0,49.99999999999999,79.2446596230557
1.0,112.2018454301963,158.48931924611142,0.4,0.5,0.31622776601683794,1.0,50.0,60.0,79.2446596230557,125.59432157547909
1.0,112.2018454301963,158.48931924611142,0.4,0.5,0.31622776601683794,1.0,70.0,80.0,31.54786722400968,49.99999999999999
1.0,112.2018454301963,158.48931924611142,0.4,0.5,0.31622776601683794,1.0,70.0,80.0,79.2446596230557,125.59432157547909
2.0,112.2018454301963,158.48931924611142,0.4,0.5,1.0,3.1622776601683795,10.0,20.0,19.905358527674863,31.54786722400968
3.0,112.2018454301963,158.48931924611142,0.4,0.5,1.0,3.1622776601683795,10.0,20.0,31.54786722400968,49.99999999999999
1.0,112.2018454301963,158.48931924611142,0.4,0.5,1.0,3.1622776601683795,10.0,20.0,49.99999999999999,79.2446596230557
1.0,112.2018454301963,158.48931924611142,0.4,0.5,1.0,3.1622776601683795,10.0,20.0,125.59432157547909,199.05358527674863
1.0,112.2018454301963,158.48931924611142,0.4,0.5,1.0,3.1622776601683795,10.0,20.0,199.05358527674863,315.4786722400968
2.0,112.2018454301963,158.48931924611142,0.4,0.5,1.0,3.1622776601683795,10.0,20.0,315.4786722400968,500.0
1.0,112.2018454301963,158.48931924611142,0.4,0.5,1.0,3.1622776601683795,20.0,30.0,12.559432157547903,19.905358527674863
3.0,112.2018454301963,158.48931924611142,0.4,0.5,1.0,3.1622776601683795,20.0,30.0,19.905358527674863,31.54786722400968
3.0,112.2018454301963,158.48931924611142,0.4,0.5,1.0,3.1622776601683795,20.0,30.0,31.54786722400968,49.99999999999999
3.0,112.2018454301963,158.48931924611142,0.4,0.5,1.0,3.1622776601683795,20.0,30.0,49.99999999999999,79.2446596230557
2.0,112.2018454301963,158.48931924611142,0.4,0.5,1.0,3.1622776601683795,20.0,30.0,125.59432157547909,199.05358527674863
1.0,112.2018454301963,158.48931924611142,0.4,0.5,1.0,3.1622776601683795,20.0,30.0,315.4786722400968,500.0
1.0,112.2018454301963,158.48931924611142,0.4,0.5,1.0,3.1622776601683795,30.0,40.0,12.559432157547903,19.905358527674863
1.0,112.2018454301963,158.48931924611142,0.4,0.5,1.0,3.1622776601683795,30.0,40.0,31.54786722400968,49.99999999999999
3.0,112.2018454301963,158.48931924611142,0.4,0.5,1.0,3.1622776601683795,30.0,40.0,49.99999999999999,79.2446596230557
1.0,112.2018454301963,158.48931924611142,0.4,0.5,1.0,3.1622776601683795,30.0,40.0,79.2446596230557,125.59432157547909
1.0,112.2018454301963,158.48931924611142,0.5,0.6000000000000001,0.1,0.31622776601683794,40.0,50.0,79.2446596230557,125.59432157547909
1.0,112.2018454301963,158.48931924611142,0.5,0.6000000000000001,0.1,0.31622776601683794,40.0,50.0,125.59432157547909,199.05358527674863
1.0,112.2018454301963,158.48931924611142,0.5,0.6000000000000001,0.1,0.31622776601683794,50.0,60.0,19.905358527674863,31.54786722400968
1.0,112.2018454301963,158.48931924611142,0.5,0.6000000000000001,0.1,0.31622776601683794,50.0,60.0,49.99999999999999,79.2446596230557
1.0,112.2018454301963,158.48931924611142,0.5,0.6000000000000001,0.31622776601683794,1.0,-40.0,-30.0,199.05358527674863,315.4786722400968
1.0,112.2018454301963,158.48931924611142,0.5,0.6000000000000001,0.31622776601683794,1.0,50.0,60.0,31.54786722400968,49.99999999999999
1.0,112.2018454301963,158.48931924611142,0.6000000000000001,0.7000000000000001,0.31622776601683794,1.0,20.0,30.0,199.05358527674863,315.4786722400968
1.0,112.2018454301963,158.48931924611142,0.7000000000000001,0.8,0.1,0.31622776601683794,-40.0,-30.0,49.99999999999999,79.2446596230557
1.0,158.48931924611142,223.87211385683378,0.1,0.2,1.0,3.1622776601683795,-20.0,-10.0,19.905358527674863,31.54786722400968
2.0,158.48931924611142,223.87211385683378,0.2,0.30000000000000004,1.0,3.1622776601683795,-10.0,0.0,19.905358527674863,31.54786722400968
2.0,158.48931924611142,223.87211385683378,0.30000000000000004,0.4,1.0,3.1622776601683795,0.0,10.0,19.905358527674863,31.54786722400968
2.0,158.48931924611142,223.87211385683378,0.30000000000000004,0.4,1.0,3.1622776601683795,0.0,10.0,31.54786722400968,49.99999999999999
1.0,158.48931924611142,223.87211385683378,0.30000000000000004,0.4,1.0,3.1622776601683795,0.0,10.0,125.59432157547909,199.05358527674863
1.0,158.48931924611142,223.87211385683378,0.30000000000000004,0.4,1.0,3.1622776601683795,0.0,10.0,199.05358527674863,315.4786722400968
1.0,158.48931924611142,223.87211385683378,0.4,0.5,1.0,3.1622776601683795,-40.0,-30.0,49.99999999999999,79.2446596230557
2.0,158.48931924611142,223.87211385683378,0.4,0.5,1.0,3.1622776601683795,-10.0,0.0,31.54786722400968,49.99999999999999
2.0,158.48931924611142,223.87211385683378,0.4,0.5,1.0,3.1622776601683795,-10.0,0.0,79.2446596230557,125.59432157547909
5.0,158.48931924611142,223.87211385683378,0.4,0.5,1.0,3.1622776601683795,0.0,10.0,19.905358527674863,31.54786722400968
4.0,158.48931924611142,223.87211385683378,0.4,0.5,1.0,3.1622776601683795,0.0,10.0,31.54786722400968,49.99999999999999
1.0,158.48931924611142,223.87211385683378,0.4,0.5,1.0,3.1622776601683795,0.0,10.0,49.99999999999999,79.2446596230557
1.0,158.48931924611142,223.87211385683378,0.4,0.5,1.0,3.1622776601683795,0.0,10.0,79.2446596230557,125.59432157547909
1.0,158.48931924611142,223.87211385683378,0.4,0.5,1.0,3.1622776601683795,10.0,20.0,12.559432157547903,19.905358527674863
3.0,158.48931924611142,223.87211385683378,0.4,0.5,1.0,3.1622776601683795,10.0,20.0,31.54786722400968,49.99999999999999
1.0,158.48931924611142,223.87211385683378,0.5,0.6000000000000001,0.1,0.31622776601683794,40.0,50.0,31.54786722400968,49.99999999999999
1.0,158.48931924611142,223.87211385683378,0.5,0.6000000000000001,0.1,0.31622776601683794,40.0,50.0,125.59432157547909,199.05358527674863
1.0,158.48931924611142,223.87211385683378,0.5,0.6000000000000001,0.1,0.31622776601683794,50.0,60.0,199.05358527674863,315.4786722400968
1.0,158.48931924611142,223.87211385683378,0.5,0.6000000000000001,0.1,0.31622776601683794,60.0,70.0,125.59432157547909,199.05358527674863
1.0,158.48931924611142,223.87211385683378,0.5,0.6000000000000001,0.1,0.31622776601683794,70.0,80.0,125.59432157547909,199.05358527674863
3.0,158.48931924611142,223.87211385683378,0.5,0.6000000000000001,0.31622776601683794,1.0,-10.0,0.0,19.905358527674863,31.54786722400968
1.0,158.48931924611142,223.87211385683378,0.5,0.6000000000000001,0.31622776601683794,1.0,-10.0,0.0,49.99999999999999,79.2446596230557
2.0,158.48931924611142,223.87211385683378,0.5,0.6000000000000001,0.31622776601683794,1.0,-10.0,0.0,79.2446596230557,125.59432157547909
2.0,158.48931924611142,223.87211385683378,0.5,0.6000000000000001,0.31622776601683794,1.0,0.0,10.0,19.905358527674863,31.54786722400968
3.0,158.48931924611142,223.87211385683378,0.5,0.6000000000000001,0.31622776601683794,1.0,0.0,10.0,79.2446596230557,125.59432157547909
1.0,158.48931924611142,223.87211385683378,0.5,0.6000000000000001,0.31622776601683794,1.0,0.0,10.0,125.59432157547909,199.05358527674863
1.0,158.48931924611142,223.87211385683378,0.5,0.6000000000000001,0.31622776601683794,1.0,10.0,20.0,19.905358527674863,31.54786722400968
1.0,158.48931924611142,223.87211385683378,0.5,0.6000000000000001,0.31622776601683794,1.0,10.0,20.0,31.54786722400968,49.99999999999999
1.0,158.48931924611142,223.87211385683378,0.5,0.6000000000000001,0.31622776601683794,1.0,10.0,20.0,49.99999999999999,79.2446596230557
1.0,158.48931924611142,223.87211385683378,0.5,0.6000000000000001,0.31622776601683794,1.0,10.0,20.0,199.05358527674863,315.4786722400968
2.0,158.48931924611142,223.87211385683378,0.5,0.6000000000000001,0.31622776601683794,1.0,20.0,30.0,31.54786722400968,49.99999999999999
1.0,158.48931924611142,223.87211385683378,0.5,0.6000000000000001,0.31622776601683794,1.0,30.0,40.0,12.559432157547903,19.905358527674863
1.0,158.48931924611142,223.87211385683378,0.5,0.6000000000000001,0.31622776601683794,1.0,30.0,40.0,19.905358527674863,31.54786722400968
1.0,158.48931924611142,223.87211385683378,0.5,0.6000000000000001,0.31622776601683794,1.0,30.0,40.0,31.54786722400968,49.99999999999999
2.0,158.48931924611142,223.87211385683378,0.5,0.6000000000000001,0.31622776601683794,1.0,30.0,40.0,79.2446596230557,125.59432157547909
1.0,158.48931924611142,223.87211385683378,0.5,0.6000000000000001,0.31622776601683794,1.0,30.0,40.0,199.05358527674863,315.4786722400968
2.0,158.48931924611142,223.87211385683378,0.5,0.6000000000000001,1.0,3.1622776601683795,-10.0,0.0,19.905358527674863,31.54786722400968
2.0,158.48931924611142,223.87211385683378,0.5,0.6000000000000001,1.0,3.1622776601683795,-10.0,0.0,31.54786722400968,49.99999999999999
2.0,158.48931924611142,223.87211385683378,0.5,0.6000000000000001,1.0,3.1622776601683795,0.0,10.0,19.905358527674863,31.54786722400968
1.0,158.48931924611142,223.87211385683378,0.5,0.6000000000000001,1.0,3.1622776601683795,0.0,10.0,31.54786722400968,49.99999999999999
1.0,158.48931924611142,223.87211385683378,0.5,0.6000000000000001,1.0,3.1622776601683795,0.0,10.0,49.99999999999999,79.2446596230557
1.0,158.48931924611142,223.87211385683378,0.5,0.6000000000000001,1.0,3.1622776601683795,0.0,10.0,79.2446596230557,125.59432157547909
3.0,158.48931924611142,223.87211385683378,0.5,0.6000000000000001,1.0,3.1622776601683795,10.0,20.0,19.905358527674863,31.54786722400968
1.0,158.48931924611142,223.87211385683378,0.5,0.6000000000000001,1.0,3.1622776601683795,10.0,20.0,31.54786722400968,49.99999999999999
1.0,158.48931924611142,223.87211385683378,0.5,0.6000000000000001,1.0,3.1622776601683795,10.0,20.0,49.99999999999999,79.2446596230557
1.0,158.48931924611142,223.87211385683378,0.5,0.6000000000000001,1.0,3.1622776601683795,10.0,20.0,315.4786722400968,500.0
1.0,158.48931924611142,223.87211385683378,0.5,0.6000000000000001,1.0,3.1622776601683795,20.0,30.0,31.54786722400968,49.99999999999999
1.0,158.48931924611142,223.87211385683378,0.6000000000000001,0.7000000000000001,0.1,0.31622776601683794,40.0,50.0,19.905358527674863,31.54786722400968
1.0,158.48931924611142,223.87211385683378,0.6000000000000001,0.7000000000000001,0.31622776601683794,1.0,20.0,30.0,19.905358527674863,31.54786722400968
2.0,158.48931924611142,223.87211385683378,0.6000000000000001,0.7000000000000001,0.31622776601683794,1.0,20.0,30.0,49.99999999999999,79.2446596230557
1.0,158.48931924611142,223.87211385683378,0.6000000000000001,0.7000000000000001,0.31622776601683794,1.0,20.0,30.0,79.2446596230557,125.59432157547909
2.0,158.48931924611142,223.87211385683378,0.6000000000000001,0.7000000000000001,0.31622776601683794,1.0,30.0,40.0,19.905358527674863,31.54786722400968
1.0,158.48931924611142,223.87211385683378,0.6000000000000001,0.7000000000000001,0.31622776601683794,1.0,30.0,40.0,31.54786722400968,49.99999999999999
1.0,158.48931924611142,223.87211385683378,0.6000000000000001,0.7000000000000001,1.0,3.1622776601683795,0.0,10.0,31.54786722400968,49.99999999999999
1.0,223.87211385683378,316.22776601683796,0.1,0.2,1.0,3.1622776601683795,-20.0,-10.0,49.99999999999999,79.2446596230557
1.0,223.87211385683378,316.22776601683796,0.1,0.2,1.0,3.1622776601683795,-10.0,0.0,79.2446596230557,125.59432157547909
1.0,223.87211385683378,316.22776601683796,0.2,0.30000000000000004,1.0,3.1622776601683795,-20.0,-10.0,199.05358527674863,315.4786722400968
1.0,223.87211385683378,316.22776601683796,0.5,0.6000000000000001,0.31622776601683794,1.0,-10.0,0.0,19.905358527674863,31.54786722400968
1.0,223.87211385683378,316.22776601683796,0.5,0.6000000000000001,0.31622776601683794,1.0,0.0,10.0,19.905358527674863,31.54786722400968
1.0,223.87211385683378,316.22776601683796,0.6000000000000001,0.7000000000000001,0.1,0.31622776601683794,80.0,90.0,79.2446596230557,125.59432157547909
1.0,223.87211385683378,316.22776601683796,0.6000000000000001,0.7000000000000001,0.31622776601683794,1.0,-40.0,-30.0,19.905358527674863,31.54786722400968
1.0,223.87211385683378,316.22776601683796,0.6000000000000001,0.7000000000000001,0.31622776601683794,1.0,-10.0,0.0,19.905358527674863,31.54786722400968
2.0,223.87211385683378,316.22776601683796,0.6000000000000001,0.7000000000000001,0.31622776601683794,1.0,-10.0,0.0,79.2446596230557,125.59432157547909
2.0,223.87211385683378,316.22776601683796,0.6000000000000001,0.7000000000000001,0.31622776601683794,1.0,0.0,10.0,19.905358527674863,31.54786722400968
1.0,223.87211385683378,316.22776601683796,0.6000000000000001,0.7000000000000001,0.31622776601683794,1.0,0.0,10.0,31.54786722400968,49.99999999999999
1.0,223.87211385683378,316.22776601683796,0.6000000000000001,0.7000000000000001,0.31622776601683794,1.0,0.0,10.0,79.2446596230557,125.59432157547909
1.0,223.87211385683378,316.22776601683796,0.6000000000000001,0.7000000000000001,0.31622776601683794,1.0,0.0,10.0,125.59432157547909,199.05358527674863
1.0,223.87211385683378,316.22776601683796,0.6000000000000001,0.7000000000000001,0.31622776601683794,1.0,10.0,20.0,19.905358527674863,31.54786722400968
1.0,223.87211385683378,316.22776601683796,0.6000000000000001,0.7000000000000001,0.31622776601683794,1.0,10.0,20.0,31.54786722400968,49.99999999999999
1.0,223.87211385683378,316.22776601683796,0.6000000000000001,0.7000000000000001,0.31622776601683794,1.0,30.0,40.0,79.2446596230557,125.59432157547909
1.0,223.87211385683378,316.22776601683796,0.7000000000000001,0.8,0.1,0.31622776601683794,30.0,40.0,31.54786722400968,49.99999999999999
1.0,223.87211385683378,316.22776601683796,0.7000000000000001,0.8,0.31622776601683794,1.0,20.0,30.0,49.99999999999999,79.2446596230557
1.0,316.22776601683796,446.683592150963,0.1,0.2,0.31622776601683794,1.0,-10.0,0.0,19.905358527674863,31.54786722400968
1.0,316.22776601683796,446.683592150963,0.7000000000000001,0.8,0.1,0.31622776601683794,-10.0,0.0,31.54786722400968,49.99999999999999
1.0,316.22776601683796,446.683592150963,0.7000000000000001,0.8,0.1,0.31622776601683794,30.0,40.0,49.99999999999999,79.2446596230557
1.0,316.22776601683796,446.683592150963,0.7000000000000001,0.8,0.31622776601683794,1.0,0.0,10.0,31.54786722400968,49.99999999999999
1.0,316.22776601683796,446.683592150963,0.7000000000000001,0.8,0.31622776601683794,1.0,0.0,10.0,49.99999999999999,79.2446596230557
1.0,316.22776601683796,446.683592150963,0.7000000000000001,0.8,0.31622776601683794,1.0,0.0,10.0,79.2446596230557,125.59432157547909
2.0,316.22776601683796,446.683592150963,0.7000000000000001,0.8,0.31622776601683794,1.0,10.0,20.0,19.905358527674863,31.54786722400968
1.0,316.22776601683796,446.683592150963,0.7000000000000001,0.8,0.31622776601683794,1.0,10.0,20.0,49.99999999999999,79.2446596230557
1.0,316.22776601683796,446.683592150963,0.7000000000000001,0.8,0.31622776601683794,1.0,10.0,20.0,199.05358527674863,315.4786722400968
1.0,316.22776601683796,446.683592150963,0.8,0.9,0.1,0.31622776601683794,-90.0,-80.0,31.54786722400968,49.99999999999999
1.0,316.22776601683796,446.683592150963,0.8,0.9,0.31622776601683794,1.0,10.0,20.0,12.559432157547903,19.905358527674863
1.0,316.22776601683796,446.683592150963,0.8,0.9,0.31622776601683794,1.0,20.0,30.0,31.54786722400968,49.99999999999999
1.0,316.22776601683796,446.683592150963,0.8,0.9,0.31622776601683794,1.0,20.0,30.0,49.99999999999999,79.2446596230557
2.0,446.683592150963,630.957344480193,0.1,0.2,0.31622776601683794,1.0,-20.0,-10.0,79.2446596230557,125.59432157547909
1.0,446.683592150963,630.957344480193,0.8,0.9,0.1,0.31622776601683794,-10.0,0.0,19.905358527674863,31.54786722400968
1.0,446.683592150963,630.957344480193,0.8,0.9,0.1,0.31622776601683794,0.0,10.0,31.54786722400968,49.99999999999999
1.0,446.683592150963,630.957344480193,0.8,0.9,0.1,0.31622776601683794,0.0,10.0,125.59432157547909,199.05358527674863
1.0,446.683592150963,630.957344480193,0.8,0.9,0.1,0.31622776601683794,20.0,30.0,19.905358527674863,31.54786722400968
1.0,446.683592150963,630.957344480193,0.8,0.9,0.31622776601683794,1.0,0.0,10.0,31.54786722400968,49.99999999999999
1.0,446.683592150963,630.957344480193,0.8,0.9,0.31622776601683794,1.0,10.0,20.0,31.54786722400968,49.99999999999999
1.0,446.683592150963,630.957344480193,0.8,0.9,0.31622776601683794,1.0,10.0,20.0,49.99999999999999,79.2446596230557
1.0,630.957344480193,891.2509381337459,0.1,0.2,0.31622776601683794,1.0,-20.0,-10.0,19.905358527674863,31.54786722400968
1.0,630.957344480193,891.2509381337459,0.2,0.30000000000000004,0.31622776601683794,1.0,-10.0,0.0,19.905358527674863,31.54786722400968
1.0,630.957344480193,891.2509381337459,0.30000000000000004,0.4,0.31622776601683794,1.0,-20.0,-10.0,49.99999999999999,79.2446596230557
1.0,630.957344480193,891.2509381337459,0.4,0.5,0.31622776601683794,1.0,-10.0,0.0,199.05358527674863,315.4786722400968
1.0,630.957344480193,891.2509381337459,0.8,0.9,0.1,0.31622776601683794,0.0,10.0,79.2446596230557,125.59432157547909
1.0,630.957344480193,891.2509381337459,0.9,1.0,0.1,0.31622776601683794,-10.0,0.0,49.99999999999999,79.2446596230557
1.0,630.957344480193,891.2509381337459,0.9,1.0,0.1,0.31622776601683794,10.0,20.0,31.54786722400968,49.99999999999999
1.0,630.957344480193,891.2509381337459,0.9,1.0,0.1,0.31622776601683794,10.0,20.0,199.05358527674863,315.4786722400968
1.0,891.2509381337459,1258.9254117941675,0.9,1.0,0.1,0.31622776601683794,10.0,20.0,125.59432157547909,199.05358527674863
1.0,891.2509381337459,1258.9254117941675,0.9,1.0,0.1,0.31622776601683794,20.0,30.0,31.54786722400968,49.99999999999999
1.0,891.2509381337459,1258.9254117941675,0.9,1.0,0.1,0.31622776601683794,30.0,40.0,315.4786722400968,500.0
1.0,1258.9254117941675,1778.2794100389228,0.9,1.0,0.1,0.31622776601683794,0.0,10.0,31.54786722400968,49.99999999999999
1.0,1778.2794100389228,2511.88643150958,0.30000000000000004,0.4,0.31622776601683794,1.0,-20.0,-10.0,31.54786722400968,49.99999999999999
1.0,2511.88643150958,3548.133892335753,0.2,0.30000000000000004,0.1,0.31622776601683794,-30.0,-20.0,19.905358527674863,31.54786722400968
1.0,3548.133892335753,5011.87233627272,0.2,0.30000000000000004,0.31622776601683794,1.0,-20.0,-10.0,19.905358527674863,31.54786722400968
1.0,5011.87233627272,7079.457843841381,0.2,0.30000000000000004,0.1,0.31622776601683794,-20.0,-10.0,49.99999999999999,79.2446596230557
1.0,5011.87233627272,7079.457843841381,0.30000000000000004,0.4,0.31622776601683794,1.0,-20.0,-10.0,49.99999999999999,79.2446596230557
1.0,5011.87233627272,7079.457843841381,0.9,1.0,0.1,0.31622776601683794,10.0,20.0,125.59432157547909,199.05358527674863
1.0,7079.457843841381,10000.0,0.2,0.30000000000000004,0.31622776601683794,1.0,-20.0,-10.0,31.54786722400968,49.99999999999999
