kappa_true,n_reps,n_ok,kappa_hat_mean,kappa_hat_std,bias,coverage_95,power_3sigma,power_5sigma
0.0,200,200,0.003270231635212344,0.004263012516246523,0.003270231635212344,0.945,0.0,0.0
0.01,200,200,0.010079576178253662,0.0070411798190952845,7.957617825366144e-05,0.95,0.075,0.0
0.02,200,200,0.019145636166900622,0.007845619371223989,-0.000854363833099378,0.95,0.35,0.02
0.03,200,200,0.030140874148760072,0.007742412887016123,0.00014087414876007287,0.995,0.83,0.155
0.04,200,200,0.04018369006238669,0.008238238085477656,0.00018369006238668634,0.995,0.98,0.525
0.05,200,200,0.05105544368456998,0.010229310533014848,0.0010554436845699802,0.985,1.0,0.86
0.06,200,200,0.06012568556949092,0.00958461493727129,0.00012568556949092008,1.0,1.0,0.98
0.07,200,200,0.07037014734908066,0.01096984724374993,0.0003701473490806545,1.0,1.0,1.0
0.08,200,200,0.08073370217940638,0.010896950450737011,0.0007337021794063814,1.0,1.0,1.0
0.09,200,200,0.09033875188561677,0.012246310877544532,0.0003387518856167726,1.0,1.0,1.0
0.1,200,200,0.10159351338113058,0.013121489472183896,0.0015935133811305763,1.0,1.0,1.0
